<?xml version="1.0" encoding="UTF-8"?>
<!DOCTYPE hibernate-configuration PUBLIC
		"-//Hibernate/Hibernate Configuration DTD 3.0//EN"
		"http://www.hibernate.org/dtd/hibernate-configuration-3.0.dtd">
		
<hibernate-configuration>
    <session-factory>
        <property name="hibernate.connection.driver_class">oracle.jdbc.driver.OracleDriver</property>
        <property name="hibernate.connection.username">system</property>
        <property name="hibernate.connection.password">oracle</property>
        <property name="hibernate.connection.url">jdbc:oracle:thin:@localhost:1521/orcl</property>
        <property name="hibernate.dialect">org.hibernate.dialect.OracleDialect</property>
        <property name="hibernate.hbm2ddl.auto">update</property>
        <property name="show_sql">true</property>
        
        <property name="hibernate.cache.use_second_level_cache">true</property>
        <property name="hibernate.cache.region.factory_class">org.hibernate.cache.ehcache.EhCacheRegionFactory</property>
        
        <property name="hibernate.cache.use_query_cache">true</property>
<!--         <property name="hibernate.enable_lazy_load_no_trans">true</property> -->
        <mapping class="com.hmei.hibernate.pojo.Student"/>
        <mapping class="com.hmei.hibernate.pojo.Address"/>
    </session-factory>
</hibernate-configuration>
